-- Dummy data for client info
INSERT INTO clients VALUES
(1, '223-93-9865', 'Brigit', 'Barkway', '1970-10-07', '25178 Gateway Park', '701-376-8436', 'bbarkway0@businessinsider.com', 'Bismarck', 'North Dakota', '58505', 'Feil Inc'),
(2, '522-80-3349', 'King', 'Lambal', '1980-11-20', '890 Stone Corner Hill', '732-952-4480', 'klambal1@shareasale.com', 'New Brunswick', 'New Jersey', '08922', 'Homenick Group'),
(3, '237-34-7677', 'Sullivan', 'Trussler', '1980-09-18', '62268 Reinke Drive', '202-460-1481', 'strussler2@google.com.au', 'Washington', 'District of Columbia', '20414', 'Quitzon, Daniel and Morissette'),
(4, '540-14-7704', 'Brigid', 'Masi', '1994-03-04', '3 Namekagon Center', '214-915-8723', 'bmasi3@cnet.com', 'Dallas', 'Texas', '75358', 'Boyle, West and Ullrich'),
(5, '831-46-8469', 'Blythe', 'Marrows', '1964-12-06', '01579 Redwing Junction', '678-450-8411', 'bmarrows4@cnn.com', 'Norcross', 'Georgia', '30092', 'Prosacco-Wisoky'),
(6, '453-35-4630', 'Isidora', 'Peye', '1967-07-06', '97008 Everett Road', '212-199-0676', 'ipeye5@house.gov', 'New York City', 'New York', '10120', 'Frami, Jacobi and Schinner'),
(7, '649-40-4571', 'Rourke', 'Casetti', '1993-12-30', '0607 Scofield Center', '619-339-0367', 'rcasetti6@tripod.com', 'San Diego', 'California', '92191', 'Bogan Group'),
(8, '411-41-1788', 'Gabie', 'Scini', '1964-08-18', '6 Goodland Circle', '208-346-0670', 'gscini7@comsenz.com', 'Boise', 'Idaho', '83716', 'Kuphal-Lesch'),
(9, '707-61-5089', 'Milli', 'O''Doohaine', '1972-07-06', '50 Hoepker Junction', '706-649-0448', 'modoohaine8@drupal.org', 'Augusta', 'Georgia', '30905', 'Rowe-McDermott'),
(10, '140-37-0204', 'Barbaraanne', 'Willows', '1995-12-24', '6 Hooker Trail', '612-680-7972', 'bwillows9@hatena.ne.jp', 'Minneapolis', 'Minnesota', '55470', 'Dooley-Kuhic'),
(11, '541-75-2938', 'Elyssa', 'Budleigh', '1964-04-06', '68653 Village Green Junction', '702-164-1929', 'ebudleigha@usgs.gov', 'Las Vegas', 'Nevada', '89110', 'Tromp-McCullough'),
(12, '425-60-1787', 'Erda', 'Coddrington', '1984-09-12', '4753 Transport Plaza', '915-325-4843', 'ecoddringtonb@tiny.cc', 'El Paso', 'Texas', '79923', 'Collins, Kuhn and Buckridge'),
(13, '621-25-4943', 'Retha', 'Dunton', '1968-10-30', '384 Utah Plaza', '205-853-8487', 'rduntonc@list-manage.com', 'Birmingham', 'Alabama', '35236', 'Hahn, Konopelski and Beahan'),
(14, '754-52-3870', 'Helyn', 'Rolance', '1956-02-21', '88 Graedel Parkway', '775-800-8294', 'hrolanced@rakuten.co.jp', 'Reno', 'Nevada', '89550', 'Hayes, Pacocha and Hermiston'),
(15, '206-75-5002', 'Giselle', 'Stannering', '1995-09-30', '8903 Anniversary Point', '571-562-1233', 'gstanneringe@oaic.gov.au', 'Arlington', 'Virginia', '22225', 'Stracke and Sons'),
(16, '479-63-9303', 'Marsh', 'Zohrer', '2000-02-25', '396 Coleman Circle', '480-683-8671', 'mzohrerf@1688.com', 'Tempe', 'Arizona', '85284', 'Olson-Mitchell'),
(17, '404-38-4795', 'Elsie', 'Knightsbridge', '1986-01-12', '77 Paget Road', '718-588-8626', 'eknightsbridgeg@cornell.edu', 'Brooklyn', 'New York', '11205', 'Kulas LLC'),
(18, '569-22-1086', 'Ainslie', 'Krysztowczyk', '1972-10-26', '0 Forster Crossing', '214-916-5080', 'akrysztowczykh@smh.com.au', 'Dallas', 'Texas', '75231', 'Cartwright, Pfeffer and Gulgowski'),
(19, '206-30-0255', 'Tobit', 'Partlett', '2000-03-09', '44505 Boyd Park', '615-478-9737', 'tpartletti@google.com.hk', 'Nashville', 'Tennessee', '37215', 'Kilback, Koss and Hettinger'),
(20, '678-73-7375', 'Megen', 'Arend', '1980-04-07', '02332 Beilfuss Center', '512-329-8436', 'marendj@bbc.co.uk', 'Austin', 'Texas', '78769', 'Franecki, Sipes and Metz'),
(21, '658-34-5485', 'Ajay', 'Arran', '1983-07-31', '62 Doe Crossing Parkway', '913-707-1885', 'aarrank@google.nl', 'Shawnee Mission', 'Kansas', '66286', 'Haley, Lindgren and Conroy'),
(22, '608-81-8772', 'Renae', 'Boseley', '1981-08-25', '9255 Waywood Way', '559-914-3664', 'rboseleyl@alibaba.com', 'Modesto', 'California', '95354', 'Zboncak and Sons'),
(23, '748-47-3648', 'Maurise', 'Mishow', '1955-03-22', '8 Banding Avenue', '661-331-0844', 'mmishowm@1und1.de', 'Bakersfield', 'California', '93399', 'Pfeffer-Nicolas'),
(24, '647-25-0664', 'Liam', 'McSkin', '1965-09-17', '1253 Hollow Ridge Plaza', '920-136-6786', 'lmcskinn@seesaa.net', 'Appleton', 'Wisconsin', '54915', 'Greenfelder Group'),
(25, '596-73-6129', 'Teodorico', 'Jeanneau', '1954-06-20', '21 Hagan Park', '512-661-6742', 'tjeanneauo@mozilla.com', 'Austin', 'Texas', '78764', 'Nicolas-McLaughlin'),
(26, '752-14-7329', 'Reeta', 'Benallack', '1992-05-21', '6 Golf Course Center', '515-428-2844', 'rbenallackp@deviantart.com', 'Des Moines', 'Iowa', '50393', 'Wolf-Weber'),
(27, '154-75-3605', 'Bobina', 'Fantone', '1972-02-22', '74 Harbort Park', '281-971-6358', 'bfantoneq@fema.gov', 'Houston', 'Texas', '77010', 'Kozey and Sons'),
(28, '369-07-9873', 'Vonny', 'Scamadine', '1966-10-12', '3 Heath Center', '979-826-4511', 'vscamadiner@barnesandnoble.com', 'College Station', 'Texas', '77844', 'Harvey-Barrows'),
(29, '124-64-4526', 'Harland', 'Firmin', '2000-09-30', '822 Florence Way', '907-177-7819', 'hfirmins@unc.edu', 'Anchorage', 'Alaska', '99522', 'Quigley, Roob and Dietrich'),
(30, '158-89-2929', 'Carena', 'Reisenberg', '1991-08-24', '7 John Wall Way', '573-539-0323', 'creisenbergt@tamu.edu', 'Columbia', 'Missouri', '65218', 'Schroeder-Carroll'),
(31, '174-24-4409', 'Annaliese', 'Desbrow', '1975-01-09', '92 Jenna Drive', '260-821-1601', 'adesbrowu@amazon.co.uk', 'Fort Wayne', 'Indiana', '46814', 'Prosacco, O''Hara and Romaguera'),
(32, '172-44-9453', 'Grazia', 'Extall', '1960-05-12', '826 Transport Way', '651-419-0156', 'gextallv@shop-pro.jp', 'Minneapolis', 'Minnesota', '55412', 'Lockman, Schiller and Bailey'),
(33, '282-58-2275', 'Malanie', 'Tooze', '1985-01-24', '4338 Northland Lane', '202-833-9073', 'mtoozew@homestead.com', 'Washington', 'District of Columbia', '20540', 'Willms, Tremblay and Herzog'),
(34, '718-67-7883', 'Aron', 'Filov', '1989-08-24', '1142 Hayes Alley', '480-838-1426', 'afilovx@squarespace.com', 'Mesa', 'Arizona', '85210', 'Willms and Sons'),
(35, '772-35-6035', 'Sarge', 'Brandrick', '1972-03-20', '694 Northport Court', '330-643-4450', 'sbrandricky@wix.com', 'Akron', 'Ohio', '44329', 'Braun and Sons'),
(36, '123-80-1527', 'Theadora', 'Yuranovev', '1964-12-31', '1 Chinook Drive', '661-578-9332', 'tyuranovevz@uiuc.edu', 'Bakersfield', 'California', '93399', 'Carroll-Aufderhar'),
(37, '190-12-1495', 'Waneta', 'Schohier', '1987-02-03', '8 Northview Street', '312-788-1708', 'wschohier10@oaic.gov.au', 'Chicago', 'Illinois', '60691', 'Macejkovic, Jacobi and Gottlieb'),
(38, '172-65-9196', 'Antonetta', 'MacTeggart', '1979-07-21', '816 Charing Cross Junction', '678-763-8873', 'amacteggart11@parallels.com', 'Lawrenceville', 'Georgia', '30245', 'Hilpert-Von'),
(39, '105-36-6121', 'Sigismund', 'Lusty', '1968-12-12', '51983 Lake View Point', '337-910-6302', 'slusty12@webmd.com', 'Lake Charles', 'Louisiana', '70616', 'Zemlak-Kozey'),
(40, '325-12-5892', 'Spence', 'Arlett', '1959-08-11', '53 Mockingbird Parkway', '760-837-0955', 'sarlett13@walmart.com', 'Huntington Beach', 'California', '92648', 'Wunsch, Kuhn and Dach'),
(41, '596-84-9297', 'Cariotta', 'Sauniere', '1988-10-23', '26546 Eastwood Circle', '912-428-2810', 'csauniere14@mlb.com', 'Savannah', 'Georgia', '31410', 'Hickle, Green and Hackett'),
(42, '517-89-3270', 'Muffin', 'Croyden', '1981-05-16', '9 Packers Street', '502-105-2413', 'mcroyden15@tumblr.com', 'Louisville', 'Kentucky', '40205', 'Gleichner, O''Connell and Toy'),
(43, '193-18-0420', 'Harlan', 'Nickoles', '1976-01-06', '27730 Sheridan Point', '313-777-2153', 'hnickoles16@skyrock.com', 'Detroit', 'Michigan', '48267', 'Schiller, Olson and Zulauf'),
(44, '871-88-3514', 'Cyrus', 'Luton', '1988-04-28', '6 3rd Road', '859-666-2331', 'cluton17@pbs.org', 'Lexington', 'Kentucky', '40515', 'Runolfsson-Kunze'),
(45, '699-80-2781', 'Georgianne', 'Beddo', '1971-01-09', '56 Sommers Crossing', '607-306-5931', 'gbeddo18@si.edu', 'Elmira', 'New York', '14905', 'McCullough, Lang and Douglas'),
(46, '758-86-5490', 'Reynard', 'Taffley', '1995-05-05', '41584 Oxford Terrace', '727-805-5203', 'rtaffley19@goodreads.com', 'Bradenton', 'Florida', '34210', 'Ratke-Brakus'),
(47, '615-06-5026', 'Christoper', 'Dedon', '1989-04-27', '3318 Granby Hill', '512-369-2481', 'cdedon1a@symantec.com', 'Austin', 'Texas', '78789', 'Schoen-Berge'),
(48, '507-07-8098', 'Rod', 'Labet', '1992-08-04', '882 Merchant Parkway', '214-159-8646', 'rlabet1b@ow.ly', 'Arlington', 'Texas', '76011', 'Kerluke, Hane and Baumbach'),
(49, '396-12-9590', 'Ron', 'Waiting', '1990-10-16', '9718 Merry Lane', '646-150-3985', 'rwaiting1c@shutterfly.com', 'New York City', 'New York', '10099', 'Rau-Hirthe'),
(50, '555-39-2744', 'Mahmud', 'Lonsdale', '1969-08-29', '79586 Dakota Point', '815-589-3128', 'mlonsdale1d@istockphoto.com', 'Rockford', 'Illinois', '61105', 'Lindgren, Muller and Dooley'),
(51,'123-87-4576', 'Greg', 'Rodriguez','1984-04-30','123 Main Street','555-098-3456','gregr@gmail.com','Corpus Christi','Texas','78414', 'Del Mar'),
(52,'593-90-6423', 'John','Ramirez','2001-01-12', '365 Second Street', '555-321-9876','johnr@gmail.com','Corpus Christi','Texas','78415', 'Del Mar'),
(53,'125-09-8567', 'Nathan', 'Felt', '2000-03-23', '2579 Wind Street', '555-234-1234', 'nathanf@gmail.com','Corpus Christi','Texas','78413', 'Del Mar');

-- Dummy data for employees
INSERT INTO employees VALUES
(1, 'Roxine', 'Lines', 'Loan Officer', '1960-09-07', '81 Melvin Center', '533-602-2499', 'rlines0@vimeo.com'),
(2, 'Janith', 'Aisman', 'Credit Analyst', '1961-09-03', '481 Schlimgen Trail', '921-587-6806', 'jaisman1@webs.com'),
(3, 'Michale', 'Birts', 'Loan Officer', '1978-02-08', '75718 Spohn Parkway', '553-439-6432', 'mbirts2@tripod.com'),
(4, 'Fawne', 'Andren', 'Human Resources Assistant', '1998-07-04', '6 Del Sol Circle', '459-493-7734', 'fandren3@infoseek.co.jp'),
(5, 'Grantley', 'Lougheid', 'Bank Teller', '1970-03-27', '75 Bartillon Trail', '488-603-3093', 'glougheid4@netscape.com'),
(6, 'Faulkner', 'Vinton', 'Branch Manager', '1980-07-03', '433 Almo Pass', '501-128-8926', 'fvinton5@goodreads.com'),
(7, 'Frazier', 'Domelow', 'Help Desk Technician', '1991-03-06', '75969 Union Point', '919-542-6368', 'fdomelow6@upenn.edu'),
(8, 'Claudia', 'Hamm', 'Associate Banker', '2003-04-22', '4801 Clyde Gallagher Junction', '429-611-0335', 'chamm7@scientificamerican.com'),
(9, 'Monte', 'De Marchi', 'Bank Teller', '1990-07-14', '4923 Sutherland Road', '446-188-0868', 'mdemarchi8@skyrock.com'),
(10, 'Horatius', 'Kivlehan', 'Internal Auditor', '1984-06-01', '128 Kennedy Avenue', '823-649-0689', 'hkivlehan9@surveymonkey.com'),
(11, 'Demetre', 'Gornar', 'Account Representative', '1972-07-30', '6 Lotheville Trail', '465-349-7295', 'dgornara@goo.ne.jp'),
(12, 'Upton', 'Bonney', 'Investment Banking Associate', '1957-12-20', '77898 Thierer Alley', '767-208-4820', 'ubonneyb@uiuc.edu'),
(13, 'Elyn', 'Brophy', 'Administrative Officer', '2000-10-03', '8 Kensington Road', '432-473-0986', 'ebrophyc@alexa.com'),
(14, 'Tim', 'Breyt', 'Bank Teller', '1955-02-20', '255 Browning Center', '754-213-7805', 'tbreytd@acquirethisname.com'),
(15, 'Alejandrina', 'Penlington', 'Underwriter', '1983-01-29', '57 Buhler Place', '771-257-6550', 'apenlingtone@creativecommons.org'),
(16, 'Town', 'Edensor', 'Relationship Manager', '1981-03-23', '22603 Anhalt Pass', '202-298-1199', 'tedensorf@youtu.be'),
(17, 'Willetta', 'Robbings', 'Underwriter', '1996-03-01', '744 Arapahoe Drive', '913-699-4849', 'wrobbingsg@skype.com'),
(18, 'Trenna', 'Footer', 'Associate Banker', '1966-08-31', '9760 Acker Lane', '300-859-8725', 'tfooterh@businessweek.com'),
(19, 'Wes', 'McClurg', 'Bank Teller', '1995-04-22', '0 Loftsgordon Trail', '727-511-7667', 'wmcclurgi@lulu.com'),
(20, 'Margery', 'Lush', 'Help Desk Technician', '1998-08-29', '94254 Autumn Leaf Lane', '732-831-5463', 'mlushj@google.ru');

-- Dummy data for accounts
INSERT INTO accounts VALUES
(1, 1, 'checking', 5456.80, '2009-02-22'),
(2, 2, 'checking', 596.08, '2022-06-21'),
(3, 3, 'checking', 8353.60, '2004-06-18'),
(4, 4, 'checking', 3495.09, '2020-07-15'),
(5, 5, 'checking', 8013.90, '2021-09-22'),
(6, 6, 'checking', 5988.57, '2001-08-06'),
(7, 7, 'checking', 5578.65, '2004-09-08'),
(8, 8, 'checking', 105.95, '2016-01-16'),
(9, 9, 'checking', 8440.28, '2015-10-14'),
(10, 10, 'checking', 3179.52, '2004-08-07'),
(11, 11, 'checking', 795.14, '2017-09-16'),
(12, 12, 'checking', 617.86, '2023-02-22'),
(13, 13, 'checking', 84.96, '2009-07-20'),
(14, 14, 'checking', 964.27, '2018-05-03'),
(15, 15, 'checking', 775.06, '2011-05-07'),
(16, 16, 'checking', 965.88, '2022-02-01'),
(17, 17, 'checking', 772.16, '2006-09-17'),
(18, 18, 'checking', 92.92, '2002-03-30'),
(19, 19, 'checking', 205.84, '2021-06-27'),
(20, 20, 'checking', 150.84, '2015-11-07'),
(21, 21, 'checking', 3986.11, '2022-11-24'),
(22, 22, 'checking', 928.97, '2007-11-18'),
(23, 23, 'checking', 3027.05, '2002-06-19'),
(24, 24, 'checking', 1646.97, '2022-02-22'),
(25, 25, 'checking', 4802.14, '2022-01-03'),
(26, 26, 'checking', 7750.89, '2014-11-12'),
(27, 27, 'checking', 6771.34, '2022-06-16'),
(28, 28, 'checking', 6925.89, '2016-01-10'),
(29, 29, 'checking', 5567.59, '2016-04-07'),
(30, 30, 'checking', 8770.09, '2008-03-19'),
(31, 31, 'checking', 990.20, '2011-06-19'),
(32, 32, 'checking', 6273.19, '2023-03-02'),
(33, 33, 'checking', 4953.38, '2020-07-17'),
(34, 34, 'checking', 2161.89, '2018-03-25'),
(35, 35, 'checking', 2007.28, '2023-01-09'),
(36, 36, 'checking', 1233.16, '2021-05-14'),
(37, 37, 'checking', 8171.82, '2015-06-05'),
(38, 38, 'checking', 4469.84, '2015-06-26'),
(39, 39, 'checking', 5044.77, '2009-05-12'),
(40, 40, 'checking', 1142.88, '2023-03-31'),
(41, 41, 'checking', 138.08, '2017-01-01'),
(42, 42, 'checking', 677.49, '2023-02-15'),
(43, 43, 'checking', 866.43, '2001-09-02'),
(44, 44, 'checking', 712.07, '2016-06-10'),
(45, 45, 'checking', 115.54, '2012-11-21'),
(46, 46, 'checking', 586.78, '2004-01-29'),
(47, 47, 'checking', 78.02, '2021-02-22'),
(48, 48, 'checking', 488.89, '2017-12-30'),
(49, 49, 'checking', 301.97, '2012-04-02'),
(50, 50, 'checking', 675.09, '2014-11-22'),
(51, 51, 'checking', 3748.20, '2017-03-29'),
(52, 52, 'checking', 4732.36, '2001-01-16'),
(53, 53, 'checking', 1783.46, '2020-03-10');

-- Dummy data for card details
INSERT INTO card_details VALUES
(1, 1, '5048375495437187', 'Debit'),
(2, 2, '5048373701860003', 'Debit'),
(3, 3, '5048378449871519', 'Debit'),
(4, 4, '5048372711559050', 'Debit'),
(5, 5, '5048370184743417', 'Debit'),
(6, 6, '5108756808469826', 'Debit'),
(7, 7, '5108757666097469', 'Debit'),
(8, 8, '5048376886998654', 'Debit'),
(9, 9, '5108754866842844', 'Debit'),
(10, 10, '5108759989394052', 'Debit'),
(11, 11, '5048373534728294', 'Debit'),
(12, 12, '5108753164427035', 'Debit'),
(13, 13, '5048377903538580', 'Debit'),
(14, 14, '5048373037341736', 'Debit'),
(15, 15, '5048374797218080', 'Debit'),
(16, 16, '5108751907137655', 'Debit'),
(17, 17, '5048375705136421', 'Debit'),
(18, 18, '5048374180336986', 'Debit'),
(19, 19, '5048376779352415', 'Debit'),
(20, 20, '5108756548141149', 'Debit'),
(21, 21, '5108754964559456', 'Debit'),
(22, 22, '5048371235910062', 'Debit'),
(23, 23, '5048374320551742', 'Debit'),
(24, 24, '5048370478858335', 'Debit'),
(25, 25, '5048379444148432', 'Debit'),
(26, 26, '5048371194181093', 'Debit'),
(27, 27, '5108759712021170', 'Debit'),
(28, 28, '5048371761846912', 'Debit'),
(29, 29, '5048372701535953', 'Debit'),
(30, 30, '5108753198928909', 'Debit'),
(31, 31, '5048370084949759', 'Debit'),
(32, 32, '5108758927432743', 'Debit'),
(33, 33, '5048371923414427', 'Debit'),
(34, 34, '5048375158654607', 'Debit'),
(35, 35, '5048375002110673', 'Debit'),
(36, 36, '5048377136894610', 'Debit'),
(37, 37, '5108754170741401', 'Debit'),
(38, 38, '5048375086727111', 'Debit'),
(39, 39, '5048373216390116', 'Debit'),
(40, 40, '5108755887310323', 'Debit'),
(41, 41, '5108757831099978', 'Debit'),
(42, 42, '5108756826189356', 'Debit'),
(43, 43, '5108756901997178', 'Debit'),
(44, 44, '5048374391119668', 'Debit'),
(45, 45, '5108753928045438', 'Debit'),
(46, 46, '5048370997003025', 'Debit'),
(47, 47, '5048371865311789', 'Debit'),
(48, 48, '5108752583905423', 'Debit'),
(49, 49, '5048375465939089', 'Debit'),
(50, 50, '5108750657716874', 'Debit'),
(51, 51, '5108756268524094', 'Debit'),
(52, 52, '5048374422925901', 'Debit'),
(53, 53, '5048372741374884', 'Debit');

-- Dummy data for loans
INSERT INTO loans VALUES
(1, 8, 'Auto', 37824.28, 4.34, '3', '2019-05-08'),
(2, 10, 'Auto', 27344.06, 8.59, '4', '2019-02-07'),
(3, 5, 'Auto', 26792.02, 3.18, '3', '2021-05-17'),
(4, 30,'Auto', 35558.8, 4.84, '3', '2022-12-14'),
(5, 47,'Auto', 5546.38, 7.16, '6', '2017-08-09'),
(6, 12, 'Auto', 21342.07, 3.78, '3', '2016-12-07'),
(7, 49, 'Auto', 36788.51, 6.35, '4', '2021-07-30'),
(8, 29, 'Auto', 37631.18, 2.32, '3', '2020-05-29'),
(9, 47, 'Auto', 25892.03, 6.53, '5', '2017-07-30'),
(10, 49, 'Auto', 6055.37, 2.36, '5', '2023-05-17'),
(11, 25, 'Personal', 1906.37, 14.63, '7', '2023-02-04'),
(12, 38, 'Personal', 14377.98, 13.59, '5', '2019-12-27'),
(13, 1, 'Personal', 9001.49, 11.47, '9', '2023-09-04'),
(14, 1, 'Personal', 1716.61, 13.20, '5', '2020-12-20'),
(15, 33, 'Personal', 12809.44, 14.74, '7', '2023-08-31'),
(16, 50, 'Personal', 7074.5, 11.74, '6', '2021-05-24'),
(17, 50, 'Personal', 2159.11, 14.72, '5', '2020-02-09'),
(18, 51, 'Personal', 6704.49, 14.62, '7', '2021-12-27'),
(19, 33, 'Personal', 8459.15, 14.18, '5', '2020-12-29'),
(20, 31,'Personal', 6251.75, 15.60, '4', '2023-07-23');

-- Dummy data for John, Greg, Nathan transactions
INSERT INTO transactions (account_id, transaction_amount, transaction_type) VALUES
(51, 269.79, 'Deposit'),
(51, 1022.66, 'Withdraw'),
(51, 477.29, 'Deposit'),
(51, 934.13, 'Deposit'),
(51, 903.98, 'Withdraw'),
(51, 182.96, 'Deposit'),
(51, 1068.64, 'Deposit'),
(51, 784.71, 'Withdraw'),
(51, 1323.96, 'Deposit'),
(51, 276.62, 'Withdraw'),
(51, 224.07, 'Withdraw'),
(51, 963.07, 'Withdraw'),
(51, 610.99, 'Deposit'),
(51, 120.63, 'Withdraw'),
(51, 1489.48, 'Withdraw'),
(51, 1300.88, 'Deposit'),
(51, 856.84, 'Withdraw'),
(51, 950.37, 'Deposit'),
(51, 1391.25, 'Withdraw'),
(51, 1169.91, 'Withdraw'),
(52, 269.79, 'Deposit'),
(52, 122.66, 'Withdraw'),
(52, 477.29, 'Deposit'),
(52, 934.13, 'Deposit'),
(52, 1903.98, 'Withdraw'),
(52, 182.96, 'Deposit'),
(52, 168.64, 'Deposit'),
(52, 784.71, 'Withdraw'),
(52, 323.96, 'Deposit'),
(52, 276.62, 'Withdraw'),
(52, 224.07, 'Withdraw'),
(52, 963.07, 'Withdraw'),
(52, 610.99, 'Deposit'),
(52, 120.63, 'Withdraw'),
(52, 489.48, 'Withdraw'),
(52, 1300.88, 'Deposit'),
(52, 856.84, 'Withdraw'),
(52, 50.37, 'Deposit'),
(52, 391.25, 'Withdraw'),
(52, 169.91, 'Withdraw'),
(53, 269.79, 'Deposit'),
(53, 122.66, 'Withdraw'),
(53, 77.29, 'Deposit'),
(53, 934.13, 'Deposit'),
(53, 903.98, 'Withdraw'),
(53, 182.96, 'Deposit'),
(53, 168.64, 'Deposit'),
(53, 784.71, 'Withdraw'),
(53, 323.96, 'Deposit'),
(53, 1276.62, 'Withdraw'),
(53, 1224.07, 'Withdraw'),
(53, 63.07, 'Withdraw'),
(53, 610.99, 'Deposit'),
(53, 1120.63, 'Withdraw'),
(53, 489.48, 'Withdraw'),
(53, 300.88, 'Deposit'),
(53, 856.84, 'Withdraw'),
(53, 150.37, 'Deposit'),
(53, 1391.25, 'Withdraw'),
(53, 169.91, 'Withdraw');